{
    "error_rate": 0.0001,
    "accuracy": {
        "power_timeseries": [
            1.0,
            1.0,
            1.0,
            0.9758064516129032,
            0.9737903225806451,
            0.9576612903225806,
            0.9375667022411953,
            0.9267947993216507
        ],
        "energy": [
            1.0,
            1.0,
            1.0,
            0.9637096774193549,
            0.9455645161290323,
            0.9223790322580645,
            0.8612593383137673,
            0.7755794234030525
        ],
        "mean_power": [
            1.0,
            0.967741935483871,
            0.9838709677419355,
            0.8991935483870968,
            0.8870967741935484,
            0.7782258064516129,
            0.6734258271077909,
            0.5421141888072357
        ],
        "duration": [
            1.0,
            0.9516129032258065,
            0.9112903225806451,
            0.8346774193548387,
            0.7943548387096774,
            0.7157258064516129,
            0.6099252934898612,
            0.4824759751271905
        ]
    }
}