{
    "error_rate": 0.001,
    "accuracy": {
        "power_timeseries": [
            1.0,
            1.0,
            1.0,
            0.9758064516129032,
            0.9737903225806451,
            0.9566532258064516,
            0.9391675560298826,
            0.9270774448841154
        ],
        "energy": [
            1.0,
            0.9516129032258065,
            0.9274193548387096,
            0.875,
            0.7923387096774194,
            0.6592741935483871,
            0.5053361792956244,
            0.34878462408140193
        ],
        "mean_power": [
            0.9032258064516129,
            0.9193548387096774,
            0.8064516129032258,
            0.6330645161290323,
            0.49193548387096775,
            0.3477822580645161,
            0.20651013874066168,
            0.1297343131712832
        ],
        "duration": [
            1.0,
            0.9516129032258065,
            0.9032258064516129,
            0.7943548387096774,
            0.7116935483870968,
            0.5776209677419355,
            0.4413020277481323,
            0.2953646127755794
        ]
    }
}