{
    "error_rate": 1e-05,
    "accuracy": {
        "power_timeseries": [
            1.0,
            1.0,
            1.0,
            0.9717741935483871,
            0.9737903225806451,
            0.9576612903225806,
            0.9391675560298826,
            0.9262295081967213
        ],
        "energy": [
            1.0,
            1.0,
            0.9838709677419355,
            0.9758064516129032,
            0.9737903225806451,
            0.9506048387096774,
            0.9263607257203842,
            0.9022046353872244
        ],
        "mean_power": [
            1.0,
            0.9838709677419355,
            0.9838709677419355,
            0.9637096774193549,
            0.9596774193548387,
            0.9274193548387096,
            0.8874066168623266,
            0.8544375353306953
        ],
        "duration": [
            1.0,
            0.9516129032258065,
            0.9112903225806451,
            0.8346774193548387,
            0.7923387096774194,
            0.717741935483871,
            0.6163287086446104,
            0.49123798756359527
        ]
    }
}