{
    "error_rate": 0.1,
    "accuracy": {
        "power_timeseries": [
            1.0,
            1.0,
            0.9838709677419355,
            0.9637096774193549,
            0.9536290322580645,
            0.9294354838709677,
            0.9167556029882604,
            0.9143583945732052
        ],
        "energy": [
            0.3548387096774194,
            0.3387096774193548,
            0.16129032258064516,
            0.12903225806451613,
            0.05241935483870968,
            0.03024193548387097,
            0.01814300960512273,
            0.012719050310910118
        ],
        "mean_power": [
            0.16129032258064516,
            0.0967741935483871,
            0.07258064516129033,
            0.05241935483870968,
            0.018145161290322582,
            0.011088709677419355,
            0.0064034151547491995,
            0.003674392312040701
        ],
        "duration": [
            0.3548387096774194,
            0.22580645161290322,
            0.18548387096774194,
            0.08870967741935484,
            0.05846774193548387,
            0.03125,
            0.012806830309498399,
            0.008762012436404749
        ]
    }
}