{
    "error_rate": 0,
    "accuracy": {
        "power_timeseries": [
            1.0,
            1.0,
            1.0,
            0.9798387096774194,
            0.9758064516129032,
            0.9596774193548387,
            0.9423692636072573,
            0.9284906726964387
        ],
        "energy": [
            1.0,
            1.0,
            1.0,
            0.9758064516129032,
            0.9737903225806451,
            0.9556451612903226,
            0.9370330843116329,
            0.925664217071792
        ],
        "mean_power": [
            1.0,
            1.0,
            0.9838709677419355,
            0.967741935483871,
            0.9637096774193549,
            0.9405241935483871,
            0.9252934898612594,
            0.9171848501978519
        ],
        "duration": [
            1.0,
            0.9516129032258065,
            0.9112903225806451,
            0.8346774193548387,
            0.7963709677419355,
            0.717741935483871,
            0.6168623265741728,
            0.49123798756359527
        ]
    }
}