{
    "error_rate": 0.01,
    "accuracy": {
        "power_timeseries": [
            1.0,
            1.0,
            1.0,
            0.9717741935483871,
            0.969758064516129,
            0.9526209677419355,
            0.935965848452508,
            0.923968343697004
        ],
        "energy": [
            0.7419354838709677,
            0.7580645161290323,
            0.6854838709677419,
            0.532258064516129,
            0.3245967741935484,
            0.19556451612903225,
            0.10725720384204909,
            0.06783493499152063
        ],
        "mean_power": [
            0.6451612903225806,
            0.5,
            0.27419354838709675,
            0.2217741935483871,
            0.0907258064516129,
            0.07661290322580645,
            0.03735325506937033,
            0.020633126059920858
        ],
        "duration": [
            0.9354838709677419,
            0.7419354838709677,
            0.6532258064516129,
            0.42338709677419356,
            0.31048387096774194,
            0.17540322580645162,
            0.10192102454642477,
            0.059072922555115884
        ]
    }
}